title,company,location,salary,work_type,posted_date,description,job_url,page_number,index_on_page
Project Coordinator,Angkriz S Company Limited,กรุงเทพมหานคร,"฿35,000 – ฿50,000 per month",งานเต็มเวลา,ลงประกาศเมื่อ 14 วันที่ผ่านมา,"Angkriz S เปิดรับสมัครงาน ตำแหน่ง Project Coordinator (E-learning) Angkriz S คือผู้ให้บริการด้านการเรียนรู้ออนไลน์ชั้นนำของพี่ลูกกอล์ฟ ซึ่งกำลังมองหาคนรุ่นใหม่ที่มีใจรักในการศึกษาและเทคโนโลยี มาช่วยกันสร้างสรรค์บทเรียนออนไลน์ที่มีคุณภาพและน่าสนใจไปพร้อมกับเรา! ทำงาน 5 วัน/ สัปดาห์ เวลา 9:00- 18:00 น. สถานที่ทำงาน: Jasmine City Building, Asoke รายละเอียดงาน (Responsibilities) ประสานงานรอบทิศ: เป็นตัวกลางในการสื่อสารระหว่างวิทยากร , ทีม Production (Graphic/Video), และลูกค้า เพื่อให้โครงการดำเนินไปอย่างราบรื่น บริหารจัดการแผนงาน: วางแผน Timeline ของโครงการ ติดตามสถานะงานให้เสร็จทันตามกำหนด (Deadline) ตรวจสอบคุณภาพ (QC): ตรวจสอบความถูกต้องของเนื้อหา สื่อมัลติมีเดีย และระบบการใช้งานบน LMS ก่อนส่งมอบงาน จัดทำเอกสาร: สรุปขอบเขตงาน (Scope of Work), รายงานความคืบหน้า และจัดทำคู่มือการใช้งานเบื้องต้น แก้ไขปัญหาเฉพาะหน้า: รับฟัง Feedback และประสานงานแก้ไขปัญหาต่าง ๆ ที่เกิดขึ้นระหว่างโครงการ คุณสมบัติที่เรามองหา (Qualifications) วุฒิปริญญาตรี ไม่จำกัดสาขา (หากจบด้านเทคโนโลยีการศึกษา, นิเทศศาสตร์ หรือบริหารธุรกิจจะพิจารณาเป็นพิเศษ) มีทักษะการสื่อสารที่ยอดเยี่ยม ทั้งการพูดและการเขียน (สรุปเรื่องยากให้เป็นเรื่องง่ายได้) มีความละเอียดรอบคอบสูง (High attention to detail) โดยเฉพาะการตรวจคำผิดและลำดับเนื้อหา สามารถใช้งานโปรแกรมพื้นฐานได้ดี (MS Office, Google Workspace) และหากเคยใช้เครื่องมือ Project Management (เช่น Trello และซอร์ฟแวร์อื่นๆ) จะได้รับพิจารณาเป็นพิเศษ มีความยืดหยุ่น พร้อมเรียนรู้เทคโนโลยีใหม่ๆ และรับมือกับความกดดันได้ดี มีประสบการณ์การทำงานในสายงาน EdTech มาแล้ว ขั้นต่ำ 3-5 ปีขึ้นไป หากมีประสบการณ์ในธุรกิจ E-learning, Digital Agency หรือ Production House จะได้รับการพิจารณาเป็นพิเศษ",https://th.jobsdb.com/th/job/91100545?type=standard&ref=search-standalone#sol=75f13ee3643db0e3bcba7641d58b6a5f4899d971,1,1
Business Process (Business Analyst & Process Improvement),PTG Energy Public Company Limited,ห้วยขวาง กรุงเทพมหานคร,,งานเต็มเวลา,ลงประกาศเมื่อ 21 วันที่ผ่านมา,"Role & Responsibilities: Ensure strategic alignment, resource optimization, and the delivery of high-value organizational objectives Lead the identification and management of cross-project dependencies to prevent scope overlap Ensure a seamless end-to-end user experience across the entire portfolio Standardizing documentation templates and process modeling methodologies across the enterprise Ensuring high user adoption and long-term proficiency for end-to-end process transformations Proactively identify project roadblocks and facilitate communication to resolve issues, ensuring transparent and efficient solution delivery Perform root cause analysis to ensure long-term stability and process optimization Qualification: Bachelor’s degree in Business Administration, Information Technology, Computer Science, or a related field. At least 3-5 experience in Business Analysis, Requirements Gathering, or related roles within cross-functional project environments. Strong ability to translate complex business requirements into clear Business Requirement Documents (BRD) and Functional/Technical Specifications. Solid understanding of end-to-end business processes, system integration, and functional architecture design. Hands-on experience in User Acceptance Testing (UAT), including test case creation, execution, and sign-off management. Experience working closely with Project Managers and development teams throughout the full project lifecycle. Strong analytical, problem-solving, and stakeholder management skills. Excellent communication skills in English, both written and verbal.",https://th.jobsdb.com/th/job/90956475?type=standard&ref=search-standalone#sol=a184d0eb890c2a2f00455ca4d7b5239016775125,1,2
"Senior Associate, SOC Analyst L2",True Corporation Public Company Limited,กรุงเทพมหานคร (ไฮบริด),,งานเต็มเวลา,ลงประกาศเมื่อ 52 นาทีที่ผ่านมา,"Job Summary: The SOC Analyst L2 provides 24x7 eyes-on-glass service; formed from a team of security analysts with some years of experience. The monitoring and identification tier are responsible for the real-time monitoring and identification of security incidents. Analysts staffed at Level 2 monitor the MDR Centre main channel event streams within the MDR Centre security information and event management (SIEM) platform and other MDR Centre tools. They identify suspicious activity, open an incident investigation and perform preliminary investigation to validate the incident. If the incident is determined to be more complex and requires more time and/or deeper expertise to analyze, the Tier 2 – Analyst will transfer the open investigation to Tier 3 for further analysis and escalation. SOC Analyst is also responsible for providing a combination of strategic, tactical and operational intelligence to the MDR Centre and its constituency. They gather and analyze tactical cyber threat and vulnerabilities intelligence and provide timely intelligence support to incident responders and guidance to threat hunter. In addition, Cyber Security Analyst Tier 2 is responsible for the validation and analysis of investigations passed up from Tier 1 analysts. Tier 2 incident responder and investigator will complete the documentation of the investigation, determine the validity and priority of the activity and escalate to the SOC Manager. Principal Accountabilities: Performs real-time monitoring of security alerts generated by various MDR tools deployed by True Digital. Investigates potential security incidents under the guidance of playbooks and procedures. Analyses and assesses security alerts. Validates, classifies and opens security incident cases or escalates to Level 2 analysts. Serves as a primary contact point for reporting potential security incidents. Document security incidents as identified by the case management process. Provides feedback on enhancing the operations of the cyber security operations centre. Responds to security alerts generate within the SLA time window. Establishes priority intelligence requirements for all key stakeholders. Demonstrates an understanding of business processes, risk management, and related standards and regulatory requirements. Performs threat modeling to identify, classify, prioritize and rate threats based on thorough analysis of the organization’s top risks and critical assets, and derive appropriate use cases to be implemented into the MDR platform. Investigates and researches known indicators, correlate events, identify malicious activity, and discover new sources to provide early warning for a variety of threats. Analyzes internal and external threat intelligence data sets, including vulnerabilities intelligence, detect and track emerging threats and security trends. Produces timely, accurate, relevant and predictive intelligence by identifying and reporting on malicious actors, campaigns, and other relevant activities. Produce and deliver timely, actionable threat intelligence to foster situational awareness, enables proactive decision-making, and promote enhance active defense measures within True Digital. Monitors open source information feeds and threat actor activity to identify activity levels and indicators for threats, targets of interest and possible attack vectors. Work with the other MDR Centre team to ensure that actionable indicators of compromise are incorporated into appropriate technologies. Qualifications: Bachelor degree in a related field such as information security, computer science or computer engineering. Minimum of 3-5 years of experience in cybersecurity, with a focus on security operations and incident response. Strong understanding of security technologies, including SIEM, IDS/IPS, firewalls, and security analytics tools. Hands-on experience with security analysis tools and techniques, such as malware analysis, network forensics, and threat hunting. Knowledge of industry frameworks and best practices, such as NIST, ISO, and CIS. Excellent analytical and problem-solving skills. Strong communication and collaboration abilities. Ability to work well under pressure and handle multiple tasks simultaneously. Relevant security certifications, such as GCIA, GCIH, or equivalent, are highly desirable. Good command on both English and Thai. Location: True Digital Park",https://th.jobsdb.com/th/job/90803747?type=standard&ref=search-standalone#sol=4fc471dad0afed4b1143902106c196f0caa79a07,1,3
Project Management Office (IT) Outsource,PTT Digital Solutions Company Limited,จตุจักร กรุงเทพมหานคร,,งานเต็มเวลา,ลงประกาศเมื่อ 6 วันที่ผ่านมา,"Project Management Officer (Infrastructure PMO) Outsource Location: Chatuchak Responsibilities Oversee and govern internal operations to ensure alignment with project management best practices and established project management standards. Follow up and monitor the progress status of the work. and coordinate with relevant parties such as Project Manager, Line Manager, Team, Customer to update information and report work progress status. Follow up and monitor on the status of issues related to work in the Project Portfolio throughout during the Business Development and Project Execution Phase, and coordinate with those parties involved in following up on the status of issue resolution. Organize information and analyze basic data on Excel to prepare reports based on various analytical perspectives on Word, Excel, PowerPoint and present to relevant people. Serve as Meeting Host to coordinate, facilitate team conveniences, and prioritize reporting on each activity in weekly or monthly client reporting meetings. Contact and coordinate with relevant parties to schedule a meeting and make appointments. Contact to find meeting venues and attend meetings in related work as assigned. Prepare, summarize and collect meeting minutes (MOM). Serve as Project Coordinator to coordinate internal team tasks within the assigned project. Serve as PM project admin, assistant PM in coordinating and preparing project-related documents as assigned. Required Skills Minimum 3-5 years of working experience. Good interpersonal skills and effective communication. Willingness to ask questions, follow up on tasks, and keep relevant parties informed according to the work plan. Expertise in analytic thinking and data analysis. Proficient in using Microsoft Office including with Excel, PowerPoint and Word and capable of making presentations for reporting purposes. Basic knowledge of Infra Architecture, Network Systems is a plus. Prior experience in PMO and proficiency in English communication with stakeholders will be given special consideration. ""Great Job, Great Working Environment, Great Salary and Benefit is waiting for you"" Send your resume “NOW” or call for more detail at “082-459-1462” บริษัท พีทีที ดิจิตอล โซลูชั่น จำกัด Website: http://www.pttdigital.com",https://th.jobsdb.com/th/job/91256957?type=standard&ref=search-standalone#sol=04b808f679138dea627a80f026a4197966a191e2,1,4
"Senior Associate, Cyber Security Sales",True Corporation Public Company Limited,กรุงเทพมหานคร (ไฮบริด),,งานเต็มเวลา,ลงประกาศเมื่อ 53 นาทีที่ผ่านมา,"Principal Accountabilities: Establish sales objectives through forecasting. Maintain sales volume, product mix and selling price by keeping current with supply and demand, changing trends, economic indicators and competitors Design and adjust to achieve a balanced customer portfolio according to the target orders and profit margin Actively approach and establish relationship with targeted business prospects to create and nurture sales leads Implement sales programs by developing field sales action plans and reviewing sales performance. Allocate resources according to the designed customers portfolio. Design and implement appropriate sales processes for different customer segments Collaborate with cross-functional teams, including business development team, presale and delivery team, to co-develop solutions that align with customer needs and market demands. Act as the voice of the customer and sales representatives, providing valuable feedback and insights to enhance product features, usability, and overall value proposition. Translate this feedback into actionable recommendations for the product development team Conduct thorough market research and competitor analysis to stay informed about industry trends, emerging technologies, and customer preferences. Utilize this market intelligence to guide product development strategies and maintain a competitive edge in the market Maintain sales representatives through recruiting, selecting, orienting and training. Evaluate their performance and provide appropriate training accordingly Assist clients during post-sales operation to provide seamless onboarding transition from sales to operation. Design and implement appropriate post-sales processes for different customer segments Qualifications: Bachelor's or Master’s degree in an analytical field, Business Administration, Economic, Math or related field. 6+ years of experience in B2B sales in technology or cybersecurity services Familiarity with analytical productivity, and reporting tools such as Salesforce Understanding and experience with the ability to practically apply to their product line. Must link strategies to financial results. Proven track record of consistently meeting/surpassing targets and KPIs, with the capability of consistently handling large ticket deals Presentation and analytical skills Management and leadership skills Dedication to providing great customer service Good command on both English and Thai Work Location: True Digital Park",https://th.jobsdb.com/th/job/91350647?type=standard&ref=search-standalone#sol=803399def7432354d997249dab2dea4bcf560b46,1,5
Analytic & System Support Officer,THAI UNION GROUP PCL.,สมุทรสาคร,"฿31,000 – ฿38,000 per month",งานเต็มเวลา,ลงประกาศเมื่อ 6 ชั่วโมงที่ผ่านมา,"วัตถุประสงค์: เพื่อพัฒนาและเพิ่มประสิทธิภาพงานด้าน Application และ Dashboard (Power BI) รวมถึงสนับสนุนการวิเคราะห์ข้อมูลและการทำงานร่วมกันภายในองค์กร Key Responsibilities: พัฒนาและดูแล Application (Power Apps) และ O365 Tools จัดทำและปรับปรุง Dashboard (Power BI) สำหรับการวิเคราะห์ข้อมูล สนับสนุนการเชื่อมโยงข้อมูลระหว่างหน่วยงาน (Manufacturing & Commercial) ปรับปรุงกระบวนการทำงานและนำเทคโนโลยีใหม่มาใช้ บริหารจัดการทีม Analytic & System Support คุณสมบัติ ปริญญาตรี สาขาที่เกี่ยวข้อง มีประสบการณ์ด้าน Power Apps, O365 และ Power BI / Data Analytics มีทักษะการวิเคราะห์ข้อมูล และการบริหารจัดการงาน ประสบการณ์การทำงาน 0-3 ปี",https://th.jobsdb.com/th/job/91346876?type=standard&ref=search-standalone#sol=0a7f23ca5059bfa65c58ea1c985f7fa7598c8421,1,6
Head of IT/ IT Project Manager,Next Capital Public Company Limited,บางรัก กรุงเทพมหานคร,,งานเต็มเวลา,ลงประกาศเมื่อ 26 วันที่ผ่านมา,"Tasks & responsibilities พัฒนา และบริหารกลยุทธ์ของฝ่ายเทคโนโลยีสารสนเทศให้สอดคล้องกับกลยุทธ์หลักของธุรกิจ บริหารงานฝ่ายเทคโนโลยีสารสนเทศ และการจัดการกลยุทธ์ จัดการ และพัฒนาทีมเทคโนโลยีสารสนเทศ,กำหนดวัตถุประสงค์ และจัดลำดับความสำคัญของงานในการประเมินผลและสนับสนุนการปรับปรุงประสิทธิภาพอย่างต่อเนื่อง จัดการด้านการเงินของฝ่ายไอทีรวมถึงการจัดซื้อ, จัดทำงบประมาณ และการทบทวนงบประมาณตลอดจนการเจรจาต่อรองกับผู้จัดจำหน่าย พัฒนา และใช้นโยบายด้านไอทีทั้งหมด และขั้นตอนการปฏิบัติงานมาตรฐานให้เป็นปัจจุบัน รวมถึง architecture, security, disaster recovery, standards, purchasing, and service provision ตรวจสอบโครงการ และให้บริการในการแก้ปัญหา และการส่งมอบผลงานไปยังแผนกต่างๆ ให้สอดคล้องกับมาตรการทางธุรกิจ (ประสิทธิผล) และมาตรการด้าน IT SLA (ประสิทธิภาพ) Qualifications & experience IT Management and IT Development Infrastructure and Securities IT Budgeting and Planing AI Workflow",https://th.jobsdb.com/th/job/90869976?type=standard&ref=search-standalone#sol=f50e897b3637f9e0ad32b781ca28cb671e2cffdb,1,7
Business Intelligence – (CEO OFFICE),DIGITAL LOGISTICS COMPANY LIMITED,กรุงเทพมหานคร,"฿67,000 – ฿100,000 per month",งานเต็มเวลา,ลงประกาศเมื่อ 7 ชั่วโมงที่ผ่านมา,"🎯 วัตถุประสงค์ของตำแหน่ง (Role Purpose) รับผิดชอบในการรวบรวม วิเคราะห์ และสรุปข้อมูลจากทุกหน่วยงานในองค์กร เพื่อประเมินผลการดำเนินงาน (KPI) รายเดือน พร้อมทั้งให้ insight และข้อเสนอแนะเชิงกลยุทธ์ เพื่อสนับสนุนการตัดสินใจของ CEO และผู้บริหาร 🧩 หน้าที่ความรับผิดชอบ (Key Responsibilities) 1. KPI & Performance Tracking ออกแบบและพัฒนา KPI framework ของแต่ละทีมให้สอดคล้องกับเป้าหมายองค์กร ติดตามผล KPI ของทุกทีม (รายสัปดาห์ / รายเดือน) ตรวจสอบความถูกต้องของข้อมูล และ standardize metric ให้ทั้งองค์กรใช้ร่วมกัน 2. Data Analysis & Insight วิเคราะห์ performance ของแต่ละทีม เช่น Growth, Efficiency, Cost, Productivity หา root cause เมื่อ KPI ต่ำกว่า target สรุป insight ที่ actionable (ไม่ใช่แค่ report ตัวเลข) 3. CEO Reporting จัดทำรายงานสรุปภาพรวมทั้งองค์กร (Monthly / Quarterly) ทำ dashboard หรือ executive summary ที่อ่านง่ายและตัดสินใจได้ทันที Present ผลให้ CEO และผู้บริหาร 4. Cross-functional Coordination ประสานงานกับทุกทีม (Operation, Finance, Sales, Tech ฯลฯ) เพื่อดึงข้อมูล Challenge และ validate ตัวเลขจากแต่ละทีม สร้าง culture ที่ใช้ data ในการวัดผล 5. Process Improvement ปรับปรุงระบบการเก็บข้อมูล และ reporting workflow สร้าง automation เช่น Excel / BI tools / Dashboard ลด manual work และเพิ่มความเร็วในการ report 📊 คุณสมบัติ (Qualifications) Must-have เคยใช้ BI tools เช่น Power BI / Tableau / Looker หรือ software ที่เกี่ยวข้องอื่นๆ ประสบการณ์ 3–8 ปี ในสายงาน ที่เกี่ยวข้อง มีความเข้าใจ KPI และ business performance จริง (ไม่ใช่แค่ data) Excel ขั้นสูง (Pivot, Modeling) สามารถวิเคราะห์ข้อมูลและสรุป insight ได้ Strong Plus มีประสบการณ์ทำ dashboard สำหรับผู้บริหาร เคยทำงานใกล้ชิดผู้บริหารระดับสูง มี mindset แบบ “owner” และกล้าท้าทาย assumption 💰 เงินเดือน 50k-100k ตามประสบการณ์",https://th.jobsdb.com/th/job/91344495?type=standard&ref=search-standalone#sol=c88142ea4abbc7ae0204e0f94d4aa72403362112,1,8
IT Infrastructure Manager (Network & Systems),ผู้ประกอบการไม่เปิดเผยชื่อบริษัท,กรุงเทพมหานคร,,งานเต็มเวลา,ลงประกาศเมื่อ 1 วันที่ผ่านมา,"Key Responsibilities 1. Infrastructure Design & Implementation Design and implement company-wide network architecture (LAN / WAN / Wi-Fi) Plan, deploy, and configure network equipment (routers, switches, firewalls, access points) Ensure infrastructure scalability to support business growth 2. Network Management Maintain high availability, reliability, and performance of internal networks Monitor network performance (bandwidth, latency, uptime) Troubleshoot and resolve network issues and outages in a timely manner 3. Systems & Server Management Manage servers across on-premise and/or cloud environments Administer user access, identity management, and permissions Implement and maintain backup, recovery, and disaster recovery processes 4. Security & Compliance Enforce network and system security policies (firewalls, VPNs, endpoint protection) Ensure compliance with internal policies and relevant local regulations Perform regular security audits and vulnerability assessments 5. IT Operations Oversee daily IT support (hardware, software, connectivity) Manage IT assets, inventory, and lifecycle Coordinate with internal teams and external service providers 6. Project & Vendor Management Lead infrastructure-related projects (e.g., office setup, relocation, system upgrades) Evaluate and manage vendors (ISPs, hardware suppliers, cloud providers) Manage and control infrastructure-related IT budget Qualifications Bachelor’s degree in IT, Computer Science, or related field 5+ years of experience in IT infrastructure, network, or systems management Strong knowledge of networking (LAN/WAN, firewalls, VPN, Wi-Fi) Experience with cloud platforms (e.g., AWS, Azure, or GCP) is a plus Familiar with security best practices and IT compliance standards Strong problem-solving skills and hands-on technical capability Good communication and vendor management skills",https://th.jobsdb.com/th/job/91334694?type=standard&ref=search-standalone#sol=481ffda7b84bc8961c1c453a4ba9ced78a0d42b5,1,9
Cloud Engineer,"IP PAYMENT SOLUTION CO., LTD.",จตุจักร กรุงเทพมหานคร,,งานเต็มเวลา,ลงประกาศเมื่อ 10 ชั่วโมงที่ผ่านมา,"Responsibilities Design, build, and operate secure cloud infrastructure for financial platforms Manage system environments for payment systems, wallets, invoicing etc. including SIT, UAT and Production. Implement high-availability & disaster recovery architecture Build and maintain CI/CD pipelines for multiple services Provision and manage cloud resources using Infrastructure as Code Manage Docker & Kubernetes environments for microservices Set up monitoring, logging, and alerting for financial systems (SLIs/SLOs) Implement security best practices: IAM, secrets management, encryption, network isolation Coordinate with Cloud service providers for required support and services. Experience with network isolation (private subnets, VPNs, bastion hosts) Work with engineering teams to ensure secure deployment of payment APIs Support audits, compliance checks, and security reviews Optimize cost, performance, and reliability of cloud resources Qualifications 5+ years experience as Senior Cloud Engineer / DevOps / SRE Hands-on experience with AWS / GCP / AliCloud / Tencent Cloud Strong knowledge of networking, VPCs, firewalls, load balancers Experience running containerized services (Docker) Experience with CI/CD pipelines (GitHub Actions, GitLab CI, Bitbucket Pipelines) Experience operating production systems with uptime requirements Familiarity with secure key management & secrets Experience with payment systems, wallets, or financial APIs is a PLUS Knowledge of PCI-DSS, ISO 27001, SOC2, OWASP Top 10 is a PLUS Strong English communication skills",https://th.jobsdb.com/th/job/91341414?type=standard&ref=search-standalone#sol=876f28da79755803a865844a39a3047c22139a71,1,10
Junior Project Coordinator,"Fonsen Properties Co., Ltd. (SARNIES)",กรุงเทพมหานคร,"฿30,000 – ฿35,000 per month",งานเต็มเวลา,ลงประกาศเมื่อ 18 วันที่ผ่านมา,"Role Overview We are looking for a Junior Project Coordinator to support cross-functional projects across brand, build, and business within the group. This role works closely with the Group Creative Project Manager to ensure projects move smoothly from planning through execution, across food & beverage concepts, marketing initiatives, construction, and ongoing business-as-usual operations. Key Responsibilities 1. Project Coordination & Tracking Support planning, coordination, and tracking of multiple group-wide projects Maintain project timelines, trackers, and milestone updates Track dependencies, lead times, deliverables, and flag risks early Follow up with internal teams and external partners to ensure progress stays on track 2. Brand & Creative Workflow Support Coordinate creative workflows across branding, menus, and marketing initiatives Assist with briefing documents, feedback rounds, and approval tracking with our agency arm Ensure creative assets are delivered in line with agreed timelines and standards Prepare meeting notes, summaries, and internal presentations for alignment 3. Concept Build & Pre-Opening Support Support coordination of build-related items including Furniture, Fixtures & Equipment lists, equipment trackers, and procurement schedules Track delivery timelines and installation milestones Assist with pre-opening checklists, documentation, and handover processes Liaise with suppliers, contractors, and internal teams as needed 4. Group Operations Support Support ongoing initiatives across outlets and group functions Assist with rollouts, updates, and recurring operational projects Maintain shared folders, documentation, and reference materials 5. Communication & Reporting Prepare regular project updates and status summaries Document meeting notes, decisions, action items, and next steps Act as a central coordination point for assigned projects Escalate issues clearly and in a timely manner Qualifications & Experience Must-Haves 1–3 years experience in project coordination, operations, agency, consulting, or similar roles Strong organizational and time-management skills Comfortable managing multiple workstreams at once Proactive, detail-oriented, and accountable Demonstrated interest in leveraging AI tools to improve productivity and workflows Clear written and verbal communication in English & Thai Nice-to-Haves Exposure to F&B, hospitality, retail, design, or construction projects Basic understanding of branding, marketing, or creative workflows Experience working with timelines, trackers, or project management tools",https://th.jobsdb.com/th/job/90749196?type=standard&ref=search-standalone#sol=7070718b7fd23489d08776d1845515b3e2757634,1,11
IT Administrator / IT Executive,ผู้ประกอบการไม่เปิดเผยชื่อบริษัท,กรุงเทพมหานคร,,งานเต็มเวลา,ลงประกาศเมื่อ 1 วันที่ผ่านมา,"Key Responsibilities 1. IT Support Provide on-site and remote support for hardware, software, and network issues Troubleshoot and resolve user issues related to devices, connectivity, and access Manage onboarding and offboarding (account setup, access rights, device provisioning) 2. Network Support Assist in maintaining office network infrastructure (LAN / Wi-Fi) Support basic configuration of network devices (routers, switches, access points) Monitor network performance and escalate issues when needed 3. Asset & Device Management Manage IT inventory, including laptops, accessories, and network equipment Prepare, configure, and deploy devices for employees Maintain accurate asset records and tracking 4. System Administration Support user account management (email, internal systems, permissions) Assist with routine server or cloud-related tasks and backups Follow standard operating procedures (SOPs) for IT operations 5. Office IT & Maintenance Support office IT setup (workstations, basic cabling, connectivity) Coordinate with vendors for installations, maintenance, and repairs Ensure proper functioning of shared equipment (meeting rooms, printers, etc.) Qualifications Bachelor’s degree in IT or related field 2–5 years of experience in IT support or system administration Basic knowledge of networking (LAN/Wi-Fi, routers, switches) Familiar with Windows/Mac environments and common business tools Strong troubleshooting and problem-solving skills Good communication and service-minded attitude",https://th.jobsdb.com/th/job/91334732?type=standard&ref=search-standalone#sol=16dcf440cbfd85ab4700705ec4ec4ab743d49178,1,12
Manager - Operation Development (System development),"Boonrawd Brewery Co., Ltd.",ดุสิต กรุงเทพมหานคร,,งานเต็มเวลา,ลงประกาศเมื่อ 24 วันที่ผ่านมา,"OBJECTIVE บริหาร วางแผน และกำหนดทิศทางการพัฒนาและดูแลระบบงาน System Development ของกลุ่มงาน Customer services and supports ในส่วนงานศูนย์ Contact Center และงาน BPO ภายใต้บริษัท บุญรอด ซัพพลายเชน จำกัด เพื่อให้ระบบงานสนับสนุนการดำเนินธุรกิจได้อย่างมีประสิทธิภาพ รองรับการเติบโตขององค์กร และสอดคล้องกับกลยุทธ์ทางธุรกิจ ทั้งในปัจจุบันและอนาคต รวมถึงเป็นผู้นำในการประสานงานกับหน่วยงานภายในและภายนอก เพื่อพัฒนา ปรับปรุง และบริหารจัดการระบบให้ตอบโจทย์การทำงานของผู้ใช้งานสูงสุด ROLE & RESPONSIBILITY ด้านกลยุทธ์, การบริหารระบบ, เทคนิคและการพัฒนา วางแผน พัฒนา ปรับปรุง และบูรณาการระบบ Contact Center และ BPO ให้สอดคล้องกับธุรกิจและเชื่อมต่อกับระบบอื่นของบริษัท กำหนดมาตรฐานและบริหารการพัฒนาระบบให้บรรลุเป้าหมาย พร้อมควบคุมงบประมาณ แผนงาน และทรัพยากรที่เกี่ยวข้อง บริหารและกำกับดูแลระบบ Contact Center และระบบสนับสนุน เช่น ACD, CTI, CRM, Knowledge Management, Order-to-Cash และ Business Intelligence Tools ศึกษา วิเคราะห์ และพัฒนาเครื่องมือ/ระบบใหม่ เช่น CCS, CRM, AI และ Automation เพื่อเพิ่มประสิทธิภาพการทำงาน บริหารจัดการระบบและกระบวนการให้สอดคล้องกับการทำงานที่เป็นไปตามมาตรฐาน ISO, SOC2 และ COPC ด้านการบริหารโครงการ (Project Management) บริหารจัดการโครงการพัฒนาระบบตั้งแต่ต้นจนจบ (End-to-End) ครอบคลุมตั้งแต่การคัดเลือก วิเคราะห์ เปรียบเทียบ เสนออนุมัติ พัฒนา ตรวจรับ และส่งมอบงาน จัดทำแผนงานโครงการ (Project Plan) กำหนด Timeline, Scope, Budget และทรัพยากรที่เกี่ยวข้อง พร้อมติดตามและควบคุมให้เป็นไปตามแผนที่กำหนด วิเคราะห์และประเมินโครงการในมิติต่าง ๆ เช่น ด้านเทคนิค ต้นทุน ความคุ้มค่า (Cost-Benefit) ผลกระทบต่อธุรกิจ และความเสี่ยงของโครงการ (Risk Management) วางแผนและบริหารการขึ้นระบบ (UAT/ System Implementation / Go-live / Knowledge transfer) และการติดตามผลหลังส่งมอบงาน ด้านการบริหารทีมและการประสานงาน ประสานงานและทำงานร่วมกับหน่วยงานที่เกี่ยวข้องทั้งภายใน และภายนอก สื่อสารความต้องการทางธุรกิจระหว่างทีมเทคนิค และผู้เกี่ยวข้องเข้าใจตรงกัน ด้านการวิเคราะห์และรายงานผล วิเคราะห์ข้อมูลการดำเนินงาน เพื่อพัฒนาแนวทางการปรับปรุงระบบและกระบวนการ จัดทำรายงานผลการดำเนินงานของระบบ แก่ผู้บริหาร เช่น Project Progress, System performance, Productivity Report พร้อมทั้งนำเสนอผู้บริหาร",https://th.jobsdb.com/th/job/90928107?type=standard&ref=search-standalone#sol=cda62031b7b0305d345c753c506c58494ebda36b,1,13
Business Analyst,SCBX Public Company Limited,กรุงเทพมหานคร (ไฮบริด),,งานเต็มเวลา,ลงประกาศเมื่อ 11 วันที่ผ่านมา,"We are seeking a high-caliber Business Analyst to join SCBX Group. This role focuses on gathering, analyzing, and translating business requirements into clear documentation and actionable insights, supporting the design and delivery of AI-driven products and solutions across the group. Key responsibilities : Gather and analyze business requirements from stakeholders, translating them into structured documentation for product and technology teams. Collaborate closely with business and technology squads to ensure solutions align with defined objectives and user needs. Prepare clear and comprehensive process flows, functional specifications, and supporting documentation throughout the project lifecycle. Support user acceptance testing by defining test scenarios and validating that delivered solutions meet business requirements. Monitor and track project progress, flagging risks or gaps to relevant stakeholders in a timely manner. Contribute to continuous improvement of business analysis practices across the team. If you meet below qualifications and are ready to take on a challenging role, we encourage you to apply. Experience in business analysis or a related field. Strong ability to gather, document, and communicate requirements across both business and technology stakeholders. Proficiency in process mapping, functional specification writing, and requirements management. Analytical mindset with structured problem-solving and attention to detail. Experience working in agile or squad-based delivery environments. Exposure to financial services, fintech, or AI-driven product development is an advantage. About Us SCBX is the mothership of the financial technology business group comprising Siam Commercial Bank, SCB 10X Co., Ltd., Card X Co., Ltd., InnovestX Securities Co., Ltd., and other companies. SCBX drives and powers the development and execution of strategic initiatives, with a particular emphasis on financial enterprises and digital technologies. This includes pursuing new business opportunities, M&A, strategic investments, partnerships, and divestitures. It captures some of the biggest growth opportunities with superior returns, by adapting to consumers' changing behaviors and demands in a timely manner. These industries will improve the overall quality of life while serving a greater purpose. The company conducts business with flexibility and prudence in governance and risk management and has the potential to compete equally in global competitions.",https://th.jobsdb.com/th/job/91162648?type=standard&ref=search-standalone#sol=d6e31270e01ceb33020732f1022e7cf5cc64e507,1,14
DATA CENTER ASSET MANAGEMENT,PT GST,กรุงเทพมหานคร,฿30.000 – ฿40.000 per month,งานเต็มเวลา,ลงประกาศเมื่อ 5 ชั่วโมงที่ผ่านมา,"DataCenter Asset Management Mainly responsible for DataCenter’s asset management, including but not limited to the following: Inventory audit & to ensure database record match with actual assets on-site Daily operation work Communicate well with other team members Other duties as assigned Technical Requirements Have background in Asset Management, Warehouse Management, DataCenter Management Strong knowledge & understanding of IDC devices Proficient in Microsoft Office, expecially Word, Excel, Powerpoint General requirements Diploma degree or above least 1 year of data center maintenance experience Proactive, good coordination skills, strong sense of responsibility Mature, attention to details, good documentation skills Must be able to speak , read & write fluent English & Mandarin Chinese Quick learning ability, adapt quickly to changes Able to work Over-time if required",https://th.jobsdb.com/th/job/91347557?type=standard&ref=search-standalone#sol=ca93035f328763556ae26510d33a7159422ae4a5,1,15
Senior Project Coordinator (Contract),"Chan Wanich Co., Ltd. (BU8)",บางรัก กรุงเทพมหานคร,,งานเต็มเวลา,ลงประกาศเมื่อ 7 ชั่วโมงที่ผ่านมา,"CHANWANICH Digital Group Digital Platform | Services | System Integration If you looking for a challenging role, we're looking forward to meeting you :) We are hiring for a Project Coordinator ( Software Solutions – Government Clients ) Responsibilities Able to make a draft project charter, draft project delivery budget, and project plan to report to the Project Manager for consideration, such as Maintenance Service Agreement Project, etc. Follow up on the team's work, both the presales phase and delivery phase, to align with the set plan or budget. and report to the Project Manager when there is a tendency not to be able to work as planned or budgeted Including offering options to solve problems that arise. Able to accurately update the status of the project, both presales phase and delivery phase, to those involved both internally and externally. Able to record meeting minutes and ready to learn work in various processes. Other duties as assigned Qualifications Bachelor's degree in Business administration or related field of study. At least 3 years of experience in Project Coordinator or other related fields. Good communication and interpersonal skills capable of maintaining strong relationships. Ability to work effectively both independently and as part of a team. Ability to travel or work upcountry. Experienced in coordinating government projects. วันและเวลาทำงาน : วันจันทร์ - ศุกร์ เวลา 8.30 – 17.30 น. สถานที่ปฏิบัติงาน : สำนักงานใหญ่สีลม",https://th.jobsdb.com/th/job/91345256?type=standard&ref=search-standalone#sol=24019ba2e2582c3979adca440460e7bb90bb725a,1,16
Space Management & Data Analytic (Trade Marketing),DSG International (Thailand) PLC.,ห้วยขวาง กรุงเทพมหานคร (ไฮบริด),,งานเต็มเวลา,ลงประกาศเมื่อ 11 ชั่วโมงที่ผ่านมา,"Space Management & Data Analyst ; Manage Home shelf / 2nd display space by utilizing offtake data, range / assortment review to suggest merchandising guideline and to secure / expand / improve brand visibility at home shelf and 2nd display to maximize Sales and profit. To comply regulations including Quality Occupational Health Safety and environment also Medical devices Responsibilities : Manage and Simulate Shelf Space Understand Shopper decision tree and translate to shelf presentation Analysis product performance and shelf space Assortment review and suggestion Product facings suggestion based on Day of supply and regular movement Suggest DSG shelf space and manage shelf space to maximize sales and brand direction Plan to change over Customer shelf space to gain Homeshelf / visibility share annually and follow up by quarterly. Product database management Updated Product list and Assortment list by customer by stores Update distribution of each SKUs in MT Update Promotion calendar Communicate Merchandising guideline to Operation team Deploy Merchandising guideline and Shelf share expectation to sales team, PC and Merchandising team Co-lead training to sales team and PC team on quarterly basis Qualifications : Bachelor's Degree in any fields At least 3 years experience in Space Management or Schematic, preferably in Consumer Goods/FMCG industry Good knowledge in Space and Planogram (POG) Proactive, strategic thinking, detail-oriented, and able to work in a fast-paced working environment. High skill level in Excel (Vlookup and Pivot etc) and Powerpoint. Good interpersonal skills. Good team player Interested applicants are invited to send application with full resume indicating qualifications and experience, transcript, expected salary and recent photo via APPLY NOW DSG International (Thailand) Public Co., Ltd. 183, 11th Floor, Regent House Building, Rajdamri Road, Lumpini, Pathumwan, Bangkok 10330 Tel. : 02-651-8061",https://th.jobsdb.com/th/job/91260569?type=standard&ref=search-standalone#sol=8d44d196d1cc8c74d9ff3857890fda5f062428c2,1,17
Digital Solutions Manager,AOT GROUND AVIATION SERVICES COMPANY LIMITED,ดอนเมือง กรุงเทพมหานคร (ไฮบริด),,งานเต็มเวลา,ลงประกาศเมื่อ 26 วันที่ผ่านมา,"Role and Responsibility: Develop digital system and organizational innovation strategies aligned with the company’s short-term and long-term strategic goals. Plan, manage, design, and develop the organization's digital data systems to ensure their suitability and efficiency, while enhancing enterprise information systems for seamless data integration and effective analytics. Analyze operational and business processes, proposing innovative solutions and strategic plans to improve business efficiency and effectiveness. Coordinate with IT departments and relevant stakeholders to maintain and optimize the organization’s digital information systems for maximum efficiency. Monitor the progress of digital development and innovation projects, ensuring alignment with key performance indicators (KPIs), evaluating project status, and adjusting development plans as needed to meet success criteria. Establish an enterprise information governance framework, develop data governance policies, and oversee compliance to ensure the security and integrity of organizational information systems. Qualification: Bachelor’s degree or higher in Computer Engineering, Information Technology, Computer Science, Applied Statistics, or a related field. A minimum of 8 years of experience in business data analysis or related fields. Preferable experience in data-driven strategic decision-making, database management, IT project management, or other relevant leadership roles. Proficiency in data management, integration, and enterprise data architecture to support organizational development and strategic planning. Strong analytical skills in business process evaluation, identifying opportunities for efficiency and effectiveness improvements. Proficiency in business intelligence, reporting, and data-driven decision-making strategies. Excellent communication and data presentation skills. Strategic thinking with the ability to formulate and execute high-level initiatives. Strong project management capabilities with experience in overseeing complex initiatives. Workplace: Donmueang International Airport Welfare and Benefits: Health insurance Life insurance Accident insurance Dental fee Provident fund Annual increase salary (Depend on individual & company's performance) Annual bonus (Depend on individual & company's performance) Vacation leave, Personal leave, Sick leave Annual health checks up Annual activities For more information, please feel free to contact us. HR Department Tel 085-504-0012",https://th.jobsdb.com/th/job/90857247?type=standard&ref=search-standalone#sol=f56c158eec6cbde193350cb2a8bbb2b1465cc36d,1,18
IT Manager,"Coca Holding International Co., Ltd.",กรุงเทพมหานคร,"฿65,000 – ฿90,000 per month",งานเต็มเวลา,ลงประกาศเมื่อ 11 วันที่ผ่านมา,"Data Management Manage data backup and recovery systems Ensure data security, integrity, and confidentiality User Support Provide technical support (hardware, software, network) Train staff to improve IT skills Vendor Management Coordinate with IT vendors and service providers Negotiate contracts for cost-effective solutions Budget Management Plan and manage IT budget Identify cost-saving opportunities Collaboration Work with departments to understand needs Implement IT solutions to improve operations Documentation Maintain IT system records and documentation Develop policies and procedures for compliance Qualifications Bachelor’s degree in IT, Computer Science, or a related field Experience as an IT Manager or in a similar role (hospitality/restaurant industry preferred) Strong knowledge of networking, security, and system administration Good communication and teamwork skills Ability to explain technical concepts to non-technical users Strong problem-solving abilities Experience with restaurant POS systems is an advantage Benefits 5 working days per week (2 days off) Social Security Group insurance (OPD/IPD) Biannual bonus (twice a year) Annual salary increase Annual staff party Sales incentives and tips Annual leave and 16 public holidays 20% employee discount at all branches worldwide Free meal (for some positions) Overtime pay and travel allowance (for some positions) Special financial assistance (case by case) Birthday gift Uniform provided (for some positions)",https://th.jobsdb.com/th/job/91170268?type=standard&ref=search-standalone#sol=442fbfbdf57d2c2c8e946babccb914b0f72be6b6,1,19
IT Support,"MDPI (Thailand) Co., Ltd.",ห้วยขวาง กรุงเทพมหานคร,"฿27,000 – ฿34,999 per month",งานเต็มเวลา,ลงประกาศเมื่อ 12 วันที่ผ่านมา,"Responsibilities: Performs installations adjustments, problem analysis, upgrading and maintenance of workstations, ICT devices as well as software needed to support the workplace Performs IT infrastructure monitoring and preventive maintenance Coordinate with a service center or with the head office for complicated technical issues Provide technical information or advice on IT products selection Prepare and install standard programs into laptops for new devices Managing multiple cases at one time Handling all other jobs at the director's order. Basic knowledge of managing Microsoft 365 environments, including users, groups, and mailboxes Experience with IT ticketing systems (e.g. Jira, ServiceNow) for handling and tracking IT support tasks Basic knowledge of network setups and troubleshooting, including connectivity issues and LAN/Wi‑Fi Qualifications: > 1-year experience Bachelor's Degree in Computer Science, Computer Engineering, Information Technology and related majors. Alternatively, Bachelor's Degree in other majors with work experience in the IT field is fine Basic communication skills in English Attention to detail and good problem-solving skills Ability to act with confidentiality and professionalism Proactive mindset and readiness to work in a fast-paced environment Ability to prioritize and work independently Demonstrated ability to establish effective and cooperative working relationships built on trust Benefits: Flexible working hours Laptop provided 5 working days a week Annual bonus Position allowance Tutorship and tutor allowance Group health insurance Social security Annual physical exam New member physical exam Paid annual leave Team activity fund, snacks, and birthday activity fund",https://th.jobsdb.com/th/job/91147591?type=standard&ref=search-standalone#sol=41690d701173c6aae041252c9e835942753e1b85,1,20
Full Stack Developer,LOMR COMPANY LIMITED,สาทร กรุงเทพมหานคร (ระยะไกล),"฿55,000 – ฿65,000 per month",งานเต็มเวลา,ลงประกาศเมื่อ 13 วันที่ผ่านมา,"LOMR : Develop the Future with Better Experience Products: FinTech | EduTech | Data Analytics Position: Full Stack Developer Key Responsibilities Develop and maintain both front-end and back-end systems, ensuring timely delivery according to project plans Collaborate with cross-functional teams to understand user requirements and provide effective technical solutions Analyze requirements and create system flows, diagrams, and technical documentation to support development Design and optimize database structures for performance and scalability Write and maintain unit tests to ensure system quality and reliability Troubleshoot issues and provide effective solutions with strong analytical skills Participate in code reviews to ensure code quality, standards, and correct implementation Monitor existing systems, identify bugs, and improve system performance Continuously learn new technologies and propose tools or ideas to enhance company products Required Tech Stack Strong proficiency in Node.js with JavaScript and TypeScript Experience with front-end development using React or Solid.js Proficient in SQL and experienced with ORM tools Hands-on experience with PostgreSQL, including stored procedures Understanding of NoSQL databases Experience with at least one framework: Fastify.js, HyperExpress, or Express.js Experience in building applications using Microservices Architecture Familiarity with Cloud services (e.g., GCP, DigitalOcean, or others) Proficient with Git, SSH, Docker, Docker Compose, and basic Linux commands (e.g., vi, cat) Qualifications Minimum 5 years of experience in software development Bachelor’s degree in Computer Science, Computer Engineering, Information Technology, or a related field",https://th.jobsdb.com/th/job/91119766?type=standard&ref=search-standalone#sol=57cf2ac18912027dccc04e8488e8ab02e5d7e722,1,21
IT Support (SOURI),"Richsmile co.,LTD.",บางรัก กรุงเทพมหานคร,,งานเต็มเวลา,ลงประกาศเมื่อ 19 วันที่ผ่านมา,"Key Responsibilities Design and implement IT infrastructure from scratch, including hardware, software, and network systems Set up and maintain internal office networks (LAN, Wi-Fi, Firewall, VPN, CCTV) Procure and manage IT hardware (notebooks, printers, routers, etc. Manage email and collaboration tools (e.g., Google Workspace, Microsoft 365) Provide technical support and troubleshoot issues for staff (IT Helpdesk) Develop and maintain secure data storage and backup systems Manage access controls for both software and hardware systems Coordinate with purchasing teams and external vendors for procurement and maintenance Suggest and present new tools or improvements to increase organizational efficiency Perform other tasks as assigned Provide support for troubleshooting and ensuring efficient operation of the Point of Sale (POS) system. Provide guidance and basic troubleshooting for the POS system to sales staff. Coordinate ERP system setup and installation projects. Qualifications Bachelor's degree in IT, Computer Science, Computer Engineering, or a related field At least 1–3 years of experience in IT Support or System Administration Strong understanding of basic network infrastructure and the ability to manage network devices Familiar with cloud services (e.g., Google Workspace, Microsoft 365, Dropbox) Experience managing user accounts, security, antivirus, and backup systems (ERP/SAP experience is a plus) Strong technical and troubleshooting skills in both hardware and software Eager to learn, responsible, and able to communicate effectively with other teams Problem-solving mindset with a helpful attitude Good interpersonal skills and a strong service mind Experience working with startups, creative industries, or e-commerce is a plus.",https://th.jobsdb.com/th/job/91015805?type=standard&ref=search-standalone#sol=6a4f798a453626c374c3cd51cf74e7bbf137fdad,1,22
Software Engineer (New Graduation 2026),"TOYOTA TSUSHO NEXTY ELECTRONICS (THAILAND) CO., LTD.",ปทุมวัน กรุงเทพมหานคร (ไฮบริด),,งานเต็มเวลา,ลงประกาศเมื่อ 3 วันที่ผ่านมา,"Responsibilities Design, Development and Testing of Embedded Software in Automotive Industrial Vehicle Implement by C/C++, Model based design (MATLAB Simulink) Work with Embedded Development teams to support customers (TOYOTA, DENSO, etc.) Requirements Bachelor's or master's degree in electrical engineering, Electronics Engineering, Mechatronics Engineering, Control Engineering, Computer Engineering, Software Engineering, or related fields Programing knowledge in Python, C / C#/ C++, MATLAB Simulink, or other related programming Experience in Microcontroller, Arduino, Raspberry Pi, IOT, Embedded would be advantaged Good communication in both writing and speaking English and fluent in Thai",https://th.jobsdb.com/th/job/91322817?type=standard&ref=search-standalone#sol=2afb8284ad5bfcbd2e9093334cbd3e4fe57aede1,1,23
IT Infrastructure Manager (Hotel Business),C.P. Land Public Company Limited,ดินแดง กรุงเทพมหานคร,,งานเต็มเวลา,ลงประกาศเมื่อ 4 วันที่ผ่านมา,ความรับผิดชอบ ดูแลและสนับสนุนโครงสร้างพื้นฐานด้าน IT ของโรงแรม รวมถึงเซิร์ฟเวอร์ เครือข่าย และระบบสื่อสาร ประสานงานกับผู้ให้บริการภายนอกเพื่อบำรุงรักษาและสนับสนุนฮาร์ดแวร์และซอฟต์แวร์ แก้ไขปัญหาเครือข่ายเพื่อให้แน่ใจว่ามีการหยุดชะงักน้อยที่สุด ตรวจสอบและดูแลระบบให้มีความพร้อมและมีประสิทธิภาพ ช่วยในการวางแผนและดำเนินการโครงการ IT เช่น การอัปเกรดระบบและการนำเทคโนโลยีใหม่มาใช้ ประสานงานกับแผนกต่าง ๆ เพื่อให้แน่ใจว่าโครงการ IT สอดคล้องกับวัตถุประสงค์ทางธุรกิจและเสร็จสิ้นตามเวลา ให้การสนับสนุนระดับแรกและระดับสองสำหรับปัญหาที่เกี่ยวข้องกับ IT โดยเน้นที่ระบบ Commache ติดตามและบันทึกคำขอสนับสนุนในระบบ Help Desk เพื่อให้แน่ใจว่ามีการแก้ไขและติดตามผลอย่างทันเวลา คุณสมบัติ ปริญญาตรีในสาขาเทคโนโลยีสารสนเทศ วิทยาการคอมพิวเตอร์ หรือสาขาที่เกี่ยวข้อง ประสบการณ์ 5 ปีขึ้นไป มีความรู้และประสบการณ์อย่างดีในระบบงานโรงแรม,https://th.jobsdb.com/th/job/90739229?type=standard&ref=search-standalone#sol=3759319a45813c6e479d2ef98f843ca4a9d33a3e,1,24
Junior Business Analyst (MRT Pahon Yothin),Coforge Limited,กรุงเทพมหานคร,"฿55,000 – ฿65,000 per month",งานเต็มเวลา,ลงประกาศเมื่อ 14 วันที่ผ่านมา,"Coforge is a leading global IT solutions organization, enabling its clients to transform at the intersect of unparalleled domain expertise and emerging technologies to achieve real-world business impact. The Company focuses on three key verticals: Banking and financial services, Insurance, Travel and Transportation. This domain strength is combined with leading-edge capabilities in Data & Analytics, Automation, Cloud, and Digital. Position: Business Analyst (2-3 years of experience) Location: MRT Phahon Yothin / BTS Ha Yaek Ladprao Key Responsibilities: Gather business requirement (user stories) and analyze the current business processes of the client and recommend and develop solutions to meet the clients’ needs. Support identifying challenges and issues, then come up with the solutions Conduct solution design workshops/meetings with teams to identify requirements and solutions Design the solutions with technical details Conducts gap analysis between To-Be and As-Is Operating Model Prepare requirements and configuration specification for the projects Support reviewing and revising requirement document package Design and review test cases and test scenarios, and support in testings Qualifications: Bachelor’s degree in Technology, Computer Engineering, Computer Science, or related fields Minimum 2-year experience as a Business Analyst Ability to analyze data, prepare and interpret key finding, identify recommendations, and communicate with key project stakeholders Proven problem-solving skills in an open and changing working environment Proven ability to work independently with strong teamwork skills Strong organizational, multi-tasking, and time management skills Average English Communication What We Offer Permanent opportunity with Coforge Monthly traveling allowance Provident fund Comprehensive medical insurance including OPD/IPD, social security, and dental reimbursement Generous leave policy: 30 sick leaves and 14 annual leaves Annual salary review based on performance Professional development through training course We appreciate the interest of all applicants. Please note that only candidates shortlisted for interviews will be contacted.",https://th.jobsdb.com/th/job/91088822?type=standard&ref=search-standalone#sol=e38a265cc1359f6293647e7db362538afa8258c6,1,25
Business Analyst,Next Capital Public Company Limited,บางรัก กรุงเทพมหานคร,,งานเต็มเวลา,ลงประกาศเมื่อ 3 วันที่ผ่านมา,"Qualifications Bachelor’s degree in Computer Science, Information Technology, Software Engineering, Information Management, or a related field. At least 3–5 years of experience in system analysis and developing requirement documents. Proficiency in using ERP systems, Microsoft Dynamics 365, and accounting systems (experience in these areas is a plus). Solid understanding of Information Technology principles and End-to-End processes for HP and Digital Lending. Knowledge of UX/UI design principles and Agile/Scrum methodology. Excellent communication, presentation, negotiation, and coordination skills. Strong team player with the ability to work collaboratively with Developers, QA, and Business teams. Constantly keeping up with new technologies, industry trends, and digital transformation. Ability to prepare comprehensive documentation including Requirement Documents, Functional Specifications, Use Cases, and User Stories Responsibilities Gather user and stakeholder requirements and analyze business processes to support report development that meets user needs. Collect user requirements, analyze and design solutions (Requirement Documents) to effectively communicate with developers, testers, and users to ensure mutual understanding. Coordinate and explain requirements to relevant parties including IT, non-IT departments, and end users. Collaborate with Developers, QA, Testers, and Project Teams at all stages of the Software Development Life Cycle (SDLC). Plan User Acceptance Testing (UAT), prepare test cases, and coordinate with users throughout the testing process. Analyze and design process flows (Process Flow / BPMN) to improve operational efficiency. Coordinate and support various departments to ensure operations are aligned with plans and set goals. Consolidate and summarize progress updates for presentation to stakeholders. Monitor and analyze operational performance across various areas.",https://th.jobsdb.com/th/job/91328015?type=standard&ref=search-standalone#sol=70d4d12203f93b354adcab7daf0e80dd883f408e,1,26
Vice President - Project Management Office,"Q BILLIGENCE CO., LTD.",กรุงเทพมหานคร (ไฮบริด),"฿180,000 – ฿220,000 per month",งานเต็มเวลา,ลงประกาศเมื่อ 5 วันที่ผ่านมา,"Key Responsibilities Lead end-to-end project delivery with full accountability for overall project success Define project strategy, scope, timeline, budget, and resource planning across initiatives Drive project governance, methodologies, and standardization across the organization Oversee project scheduling, resource allocation, and cross-functional coordination Identify, assess, and mitigate risks, and manage changes throughout the project lifecycle Establish and control project budgets, including contract and vendor management Lead and manage multiple project teams and team leads across various workstreams Monitor project performance, track progress, and ensure alignment with business objectives Provide regular updates to senior management and escalate critical issues when required Continuously improve PMO processes, tools, and best practices Qualifications Bachelor’s or Master’s degree in Computer Science, IT, Computer Engineering, or related field 8–10 years of experience in project management (experience leading large-scale projects preferred) Proven leadership experience managing cross-functional teams Strong analytical thinking and problem-solving capabilities Ability to work effectively under pressure in a fast-paced environment Strong decision-making and stakeholder management skills Hands-on experience with project management tools (e.g., Microsoft Project, Jira, Asana, Microsoft Teams) Soft Skills High ownership and accountability with a results-oriented mindset Excellent communication skills with both business and technical stakeholders Strong leadership, coaching, and team development capabilities Ability to manage multiple parallel projects and priorities effectively Certifications (Preferred) PMP / Agile / Scrum / ITIL",https://th.jobsdb.com/th/job/91290198?type=standard&ref=search-standalone#sol=36ded04100381be3d88f01bd293c5e5fb6cfd87d,1,27
Business Analyst,"Pandora Production Co., Ltd.",ประเวศ กรุงเทพมหานคร,,งานเต็มเวลา,ลงประกาศเมื่อ 20 วันที่ผ่านมา,"Imagine being a part of the Manufacturing Technology for the world’s largest jewellery brand. If you love to bring the innovation beyond novelties, then you might be our next Specialist, Business Process Expert at Pandora Crafting & Supply We love that you will... Ensure all requirements are captured and properly translated into effective processes/workflows to support ERP and/or MES systems for operational processes. This role liaises between Business and IT; not technology specific. This role is to engage and launch efficient operations systems in support of core organizational functions and business processes. Understand and gather business process requirements; document business processes/workflows from business users. Participate in projects as the business process to be fulfilled business requirements in every project phase. Ensure all requirements/projects are delivered on time and within scope. Ensure the implemented system and data are maintained correctly; provide onsite support to the Operation teams. Collaborate with the business teams to translate requirements for IT. Work collaboratively with project teams across departments, IT teams, and consultants to access changes and implementations. Stakeholder management within the Operation team and cross-functionally with other workstreams to meet business requirements. Involve and perform System Integration Testing (SIT) and User Acceptance Test (UAT) end-user training, and validation of data migration mock runs. Identify test cases and test scenarios with IT and users. Provide orientation and training to end users for all modified and new systems (included training material preparation). Post-launch, support business users to ensure smooth system operation. Collect and document additional new/change requirements to enhance the system. Suggest and recommend business/process/IT solutions. Support operation issues that are related to the system. We love that you are... Bachelor’s degree in engineering / industrial engineering or equivalent experience with at least 3 years of project management. Experience seeing projects through the full life cycle. Excellent analytical skills. Ability to multitask, resolve issues, and share knowledge. IT literate in MS Office, Visio, Project, etc. Strong communication and writing skills in Thai and English. Ability to train and share knowledge, skills, and attitudes with end users Experienced with ERP and/or MES systems (AX/SAP is an advantage) Understanding of jewellery operations is a plus. Competencies Preferred Solid understanding of manufacturing processes. Strong communication and stakeholder management skills. Excellent interpersonal skills; resourceful and adaptable. Team-oriented; able to work under pressure and learn quickly. Self-motivated with excellent planning, organizing, problem-solving, analytical, and conceptual thinking skills. Proven ability to complete projects according to outlined scope, budget, and timeline. Strong problem-solving skills and adaptability to change. Highly organized with attention to detail and ability to multitask. Ability to work effectively and professionally with a diverse group of managers and subject matter experts. Welcome to our Crafting & Supply The magic happens at our crafting facilities, where we combine centuries-old crafting traditions and high-quality materials with modern production techniques. You will be warmly greeted with over 13,000 craftspeople who are excellent at crafting and supplying the world’s largest jewellery brand with our craftsmanship. Join a team that is as diverse and inclusive as our jewellery. We believe and value creative thinking and ensure that there’s equitable opportunities for all. • Foster your growth and craft opportunities through our learning and development programmes. • At Pandora, no effort or contribution goes unnoticed. We offer a wide range of opportunities and benefits to ensure that our employees feel valued, supported, and cared for. • Transportation services are also available to drop you at the closet BTS station and other community areas. About Pandora Crafting & Supply Pandora started crafting its jewellery in Thailand in 1989, where our founders fell in love with the delicate craftsmanship of the Thai people. To date, there are two crafting facilities in Thailand, Bangkok, and Lamphun, and we employ more than 13,000 skilled craftspeople. By the end of 2023, there are 107 million pieces sold globally, all of which were hand-finished here in Thailand by our skilled craftspeople using high-quality raw materials and sustainable methods. About Pandora Group Pandora is the world’s largest jewellery brand. Designed in Denmark and crafted in Thailand, Pandora jewellery provides endless opportunities for personalisation, allowing people to express their passions and show who they are. The company’s products are made from high-quality materials and sold in more than 100 countries through 6,700 points of sale, including 2,600 concept stores. Pandora is committed to leadership in sustainability and is sourcing lab-grown stones and recycled silver and gold for all its jewellery. Headquartered in Copenhagen, Denmark, Pandora employs 33,000 people worldwide, is listed on the Nasdaq Copenhagen stock exchange, and generated sales of DKK 28.1 billion (EUR 3.8 billion) in 2023.",https://th.jobsdb.com/th/job/90977761?type=standard&ref=search-standalone#sol=875fec5d13372410af7b91e213a3f80efb3af816,1,28
Business Project Management (IT) / PM / Sr.Mgr.Level,Thai Beverage Public Company Limited,จตุจักร กรุงเทพมหานคร,,งานเต็มเวลา,ลงประกาศเมื่อ 24 วันที่ผ่านมา,"หน้าที่ความรับผิดชอบ เก็บรวมรวม ค้นคว้าหาข้อมูลความต้องการ (Requirement Gathering) ค้นคว้า วิจัย กระบวนการทำงานทางธุรกิจตลอดจนข้อกำหนดทางธุรกิจ (Business Rules) ของหน่วยงาน จัดทำ สิ่งที่ต้องพัฒนาเพิ่มเติม (Gap Analysis) เพื่อประเมินขอบเขตการทำงาน (Scope of Work) ดูแล ติดต่อสื่อสารกับ Stakeholder ไม่ว่าจะเป็น Owner, Project Management Officer, UX/UI Designer, Developer เป็นต้น เพื่อวางแผน และจัดลำดับการทำงาน แปลความต้องการทาง Business มาสื่อสารกับ Developer และแปลคำถาม หรือ ข้อความทางเทคนิคเพื่อสื่อสาร ทำความเข้าใจกับ Business Unit จัดทำเอกสาร เช่น User Story เพื่อเรียบเรียงโครงการให้เพื่อนร่วมทีมเข้าใจตรงกัน ทำการทดสอบส่วนของ System Integration กับระบบแวดล้อมที่เกี่ยวข้อง ประสานกับทางผู้ใช้เพื่อทำการทดสอบ User Acceptance Test วิเคราะห์สถิติการใช้งาน เพื่อนำไปสู่แนวทางการปรับปรุงและพัฒนาระบบอย่างต่อเนื่อง คุณสมบัติ ปริญญาตรีสาขาคอมพิวเตอร์ หรือสาขาที่เกี่ยข้อง มีประสบการณ์สำหรับงานด้านบริหารโครงการ IT อย่างน้อย 8 ปี มีความรู้/เข้าใจ Methodology ที่ใช้ในการพัฒนา มีประสบการณ์ทำงานในงานที่เกี่ยวข้องอย่างน้อย 12 ปี มีมนุษย์สัมพันธ์ที่ดี สามารถทำงานร่วมกับบุคคลอื่นได้ มีความเข้าใจด้าน Product Design ด้านเทคนิคและธุรกิจควบคู่กัน เนื่องจากต้องเป็นตัวกลางในการแปลความระหว่าง Business Unit และ Developer Contact Information:- K. Sawarin Office of Human Capital DIGITAL AND TECHNOLOGY SERVICES CO., LTD. F.Y.I Center 2525 Rama IV Rd, Khlong Tan, Khlong Toei, Bangkok 10110 MRT QSNCC Station Exit 1",https://th.jobsdb.com/th/job/90913852?type=standard&ref=search-standalone#sol=a834906437265acbd59ba7264aae4f365c83a8b3,1,29
Software Support,HUMANICA Public Company Limited,บางเขน กรุงเทพมหานคร,,งานเต็มเวลา,ลงประกาศเมื่อ 10 ชั่วโมงที่ผ่านมา,"หน้าที่ความรับผิดชอบ: ดูแลงานติดต่อประสานงานลูกค้า ติดตั้งระบบซอฟท์แวร์ และอบรมวิธีใช้งาน บริการให้คำปรึกษาปัญหาด้านเทคนิคกับลูกค้า สนับสนุนงาน Implementation Tigersoft HR Software ในระดับปฏิบัติการ เรียนรู้วิธีการติดตั้ง เพื่อให้สามารถส่งมอบงานให้กับลูกค้าได้ คุณสมบัติ: อายุระหว่าง 22-30 ปี ยินดีพิจารณานักศึกษาจบใหม่ ป.ตรี สาขา วิทยาการคอมพิวเตอร์, วิศวกรคอมพิวเตอร์, เทคโนโลยีสารสนเทศ หรือสาขาที่เกี่ยวข้อง มีความคิดสร้างสรรค์ และทำงานได้รวดเร็ว มีมนุษย์สัมพันธ์ที่ดี รักงานบริการ มีความขยัน อดทน สามารถเรียนรู้ได้เร็ว สามารถทำงานภายใต้แรงกดดันได้ มีความรู้ด้าน IT เช่น การติดตั้งโปรแกรมในคอมพิวเตอร์ ขับรถยนต์ได้จะพิจารณาเป็นพิเศษ ทำงานภาคสนามต่างจังหวัดได้จะพิจารณาเป็นพิเศษ Work location : Near BTS National Stadium / MRT Hua Lam Phong We offer an attractive remuneration package with great career advancement opportunities to successful candidates. Please submit your resume to: Human Resources Department Humanica Public Company Limited. No2.Soi Rongmuang 5 Rongmuang Road Rongmuang Sub-District Pathumwan District Bangkok 10330 Tel: + 66 (0) 2 636-6999 Ext. 1395 Website: www.humanica.com",https://th.jobsdb.com/th/job/91341574?type=standard&ref=search-standalone#sol=8db8efb80af6e9229133dbb6eb85c750fdd155c1,1,30
IT - Project Manager,Maybank Securities (Thailand) Public Company Limited,กรุงเทพมหานคร,,งานเต็มเวลา,ลงประกาศเมื่อ 6 วันที่ผ่านมา,"Key Responsibilities Project Manager for IT projects. Manage the project to comply with company policies and processes. To oversee, manage and monitor IT projects implementation of both internal development team and Vendor development team. To facilitate and coordinate and support the team to clear the obstacle of the project. To plan, execute, and deliver projects according to timeline and budget. Qualification At least Bachelor’s degree in Computer or related field. At least 5 years of working experience in the related field. Solid experience in managing project (IT or related fields) including project project planning, client management, quality assurance, resource and budget control. Strong risk management, analytical, and problem-solving skills Strong interpersonal skills including leadership, team motivation, communication, decision-making, negotiation, trust building, and conflict management. High commitment, can-do attitude, able to work independently and work with team. Strong organizational and multi-tasking skills Good written and spoken communication skills in English",https://th.jobsdb.com/th/job/91257462?type=standard&ref=search-standalone#sol=2ecc46bec9728d6c3ee97dbc9d32ea9bd79a8abb,1,31
Project Coordinator (Game & XR),"Eyelab Exclusive Co., Ltd.",ห้วยขวาง กรุงเทพมหานคร,"฿35,000 – ฿50,000 per month",งานเต็มเวลา,ลงประกาศเมื่อ 5 วันที่ผ่านมา,"บริษัท MOTIONX STUDIO เปิดรับทีมงานตำแหน่ง Project Coordinator และ Project Manager ในสายงาน Innovation technology และ Game development เราเน้นสร้างสรรค์ผลงานคุณภาพระดับโลก อย่างเช่น B2B location based entertainment, Simulator, Spatial computing และ XR, VR ให้กับตลาดต่างประเทศ คุณจะได้เข้ามามีส่วนรวมประสานงาน คุมทีม และเสนอไอเดียต่างๆ เพื่อผลักดันให้ผลงานเป็นไปอย่างราบรื่น Requirements มีความสามารถในการวิเคราะห์ และเรียนรู้สิ่งใหม่ได้เป็นอย่างดี มีประสบการณ์ในสายงาน Management อย่างน้อย 1ปี สามารถคุมทีม กระตุ้น และสร้างแรงบันดาลใจให้กับเพื่อนร่วมทีมไปพร้อมกัน มีทักษะภาษาอังกฤษในระดับดี หากมีประสบการณ์ในวงการ tech, game, animation หรือ software จะได้รับการพิจารณาเป็นพิเศษ Responsibilities คุมทีม SCRUM และใช้ Agile Methodology ในการวางแผนงาน ดูแลโปรเจคตั้งแต่วางแผน ประสานงาน และติดตามผลงานให้สำเร็จ ประสานงานกับฝ่าย Electronics, Engineer, Game design, Artist, Programmer, Visual Effect และ QA ให้การส่งมอบงานเป็นไปอย่างราบรื่น วางแพลนงาน แก้ปัญหา และวางแผนบริษัทในระยะยาว ออฟฟิสห่างจาก MRT สุทธิสาร 500เมตร หากคุณสนใจจะร่วมเป็นส่วนนึงของทีม สามารถสมัคร พร้อม Resume หรือ ดูข้อมูลเพิ่มเติมได้ที่ www.motionx.studio/career",https://th.jobsdb.com/th/job/91267019?type=standard&ref=search-standalone#sol=76695cc941865441c08ccc67864a39bce659e670,1,32
